framenumber, male_x, male_y, male_angle, female_x, female_y, female_angle
1 ,97,212,0.658395206805 ,254,156,5.05869522997
2 ,87,203,0.875638844303 ,240,173,5.21369773016
3 ,79,195,0.595509850827 ,230,184,5.18870516175
4 ,74,185,0.895003753853 ,220,207,4.99709494909
5 ,68,182,1.05860493541 ,218,211,4.99262463346
6 ,65,172,1.07978718609 ,207,215,5.50817933099
7 ,64,167,1.11950983164 ,198,218,5.52781108928
8 ,55,157,1.37352373431 ,186,221,5.67627379794
9 ,53,153,1.31253681272 ,176,221,5.77155477752
10 ,51,142,1.49351565302 ,158,219,5.95908765726
11 ,52,134,1.39371741959 ,146,216,6.08205991955
12 ,51,129,1.41476065326 ,123,218,6.08379030847
13 ,51,126,1.63329224124 ,118,216,6.03956678751
14 ,50,117,1.7431962597 ,116,208,0.487877263265
15 ,52,112,1.75989735901 ,112,203,0.535823217634
16 ,52,100,1.90755331295 ,103,200,0.474503933535
17 ,54,93,2.02110637393 ,94,196,0.465923761135
18 ,54,81,2.10967848455 ,84,189,0.543217750717
19 ,59,73,1.92548344446 ,78,184,0.590608702315
20 ,64,66,2.05347553238 ,73,176,0.802387533255
21 ,66,62,2.16457572212 ,71,165,1.01126937756
22 ,72,53,2.11726360009 ,63,149,0.977086639707
23 ,78,47,2.26960400446 ,59,141,1.00113445172
24 ,84,38,2.29445575822 ,55,126,1.07557033682
25 ,85,35,2.54349301176 ,55,123,1.0114435483
26 ,94,30,2.5333562217 ,59,126,1.04613175413
27 ,96,25,2.7983901518 ,60,132,4.13746789479
28 ,104,21,2.73195626683 ,59,133,3.7759841237
29 ,114,20,2.76038524515 ,55,136,4.15656968402
30 ,130,15,2.94452885294 ,53,141,4.17038776165
31 ,141,11,3.17076318912 ,55,148,4.11939621626
32 ,151,9,3.27155411584 ,62,167,4.49527051146
33 ,160,8,3.29257258211 ,60,168,4.53082371201
34 ,174,8,3.29082102106 ,64,172,4.31928456557
35 ,185,8,3.38814065046 ,69,182,4.29079779665
36 ,193,9,3.30443723108 ,76,194,4.25275880154
37 ,197,12,3.47419510845 ,82,195,3.67979300881
38 ,200,13,3.44738000575 ,85,199,3.81982627999
39 ,201,12,3.4826662244 ,87,206,4.15829274925
40 ,207,16,3.69393492683 ,97,209,3.15174089524
41 ,214,21,3.77048323131 ,103,208,3.13028127633
42 ,235,33,3.90478537982 ,116,209,2.91807407593
43 ,244,40,3.90947414123 ,128,205,2.96095989107
44 ,252,50,4.11250821642 ,145,200,2.94646683526
45 ,260,59,4.18803226914 ,147,200,2.97989669748
46 ,263,68,4.13018841026 ,155,210,3.63235465295
47 ,269,78,4.3049599547 ,164,220,3.75621241629
48 ,269,86,4.46742716226 ,181,220,3.14653774426
49 ,271,90,4.42745844062 ,193,213,2.98072720426
50 ,274,93,4.43762958546 ,212,206,2.99420732675
51 ,274,97,4.41866415007 ,218,203,2.98356120714
52 ,275,109,4.53144156538 ,230,186,2.50690703734
53 ,275,114,4.66774534577 ,242,176,2.55789279035
54 ,274,114,4.67290122564 ,254,174,2.76007751689
55 ,274,114,4.70139811457 ,258,176,3.08543883674
56 ,274,114,4.68464416815 ,261,164,2.48629523576
57 ,274,114,4.69479400769 ,267,158,2.54499743146
58 ,274,114,4.69795038622 ,266,155,2.36405960384
59 ,274,114,4.7076197915 ,265,149,2.12468832677
60 ,274,105,1.79633551135 ,266,148,2.09365314571
61 ,273,104,1.7996943567 ,268,140,1.92495134488
62 ,274,101,1.81667175897 ,269,134,1.87119760209
63 ,274,99,1.36632840568 ,269,134,1.85863866703
64 ,274,94,2.12156187552 ,264,136,4.98864781823
65 ,271,99,0.203264172304 ,263,135,4.97161923332
66 ,272,99,6.23781130063 ,262,136,5.01631038872
67 ,272,99,3.3971521218 ,261,137,4.91428956428
68 ,275,105,4.34495530795 ,248,141,5.29604869647
69 ,276,113,4.4258940998 ,239,145,5.44462365736
70 ,277,118,4.5110593283 ,235,149,5.62188006425
71 ,279,123,4.70602029695 ,231,150,5.64263081625
72 ,276,131,4.83937121426 ,223,150,5.84340819531
73 ,275,131,4.95487943495 ,217,150,5.86098425956
74 ,275,131,4.94386784641 ,213,148,6.10841602643
75 ,274,135,5.00710706992 ,211,148,6.15852792972
76 ,272,145,5.10986560663 ,205,148,6.13559531641
77 ,270,151,5.13601595103 ,203,148,6.13667895666
78 ,263,166,5.12984231086 ,200,146,3.23741105908
79 ,260,173,5.26267449432 ,196,145,3.33958669641
80 ,254,181,5.35059869113 ,193,144,3.32985883474
81 ,248,190,5.40725964043 ,190,143,3.49843400227
82 ,241,199,5.4377655515 ,188,142,3.5718570872
83 ,236,203,5.5200727421 ,187,141,3.71130885715
84 ,229,208,5.54521111858 ,187,140,3.76568967451
85 ,227,211,5.64016745882 ,187,139,3.78443926069
86 ,221,217,5.85318359441 ,187,137,3.88326064662
87 ,210,221,5.74554441552 ,187,136,3.96930045723
88 ,206,223,5.79018305671 ,190,137,4.12209506371
89 ,197,224,5.92111018117 ,194,138,4.23365275125
90 ,188,228,5.96023974075 ,199,149,4.49701967566
91 ,184,228,6.06991164392 ,205,158,4.56350176385
92 ,174,228,6.21470638081 ,214,173,4.64898071273
93 ,167,228,6.11698914146 ,217,180,4.93653458268
94 ,150,228,6.26968294729 ,219,194,5.25270798012
95 ,142,228,6.16851331907 ,216,197,5.36950254091
96 ,129,227,0.0892284133748 ,210,203,5.4756125327
97 ,126,226,0.112571153487 ,203,208,5.61885224983
98 ,121,223,0.669811645766 ,195,211,5.72054459
99 ,113,218,0.612423187436 ,193,213,5.70843446415
100 ,100,210,0.773401687951 ,189,219,6.00793429271
101 ,87,202,0.907997849444 ,186,226,0.103103882128
102 ,75,191,0.981682723116 ,177,224,0.323840388554
103 ,70,182,1.02105436404 ,172,223,0.307573667457
104 ,65,174,1.28819552035 ,166,223,0.284455032351
105 ,63,166,1.14421171602 ,166,224,0.333699810383
106 ,57,157,1.39580214209 ,156,224,0.380899813331
107 ,55,148,1.2740200465 ,154,225,0.309496469764
108 ,54,139,1.38620251163 ,144,228,0.337221175135
109 ,53,137,1.50966612713 ,136,227,0.494760469418
110 ,50,133,1.68588689725 ,126,224,0.581183775217
111 ,49,127,1.74463168688 ,118,219,0.626868705821
112 ,49,127,1.67525674828 ,108,215,0.671626590049
113 ,50,128,1.4416143718 ,106,216,0.616272919949
114 ,51,126,1.46194867199 ,107,218,0.878091615667
115 ,52,125,1.47202980198 ,107,219,0.861699859157
116 ,50,126,1.5499544281 ,111,220,0.846853801344
117 ,50,126,1.60866726396 ,110,220,0.65253052661
118 ,50,126,1.59655128748 ,109,220,0.876203967086
119 ,50,126,1.55511350377 ,108,220,0.852226462527
120 ,50,127,1.60339921299 ,108,221,0.832361411324
121 ,51,125,1.41069720207 ,112,219,0.437167879791
122 ,51,126,1.41445385711 ,109,220,0.977502092837
123 ,51,127,1.51529445178 ,110,222,0.829121942174
124 ,51,127,1.48594641657 ,110,222,0.822264302367
125 ,51,127,1.50006809456 ,110,222,0.824199887848
126 ,51,126,1.49270764994 ,110,222,0.808631048115
127 ,52,127,1.33836095317 ,110,222,0.70024305491
128 ,53,125,1.29252528765 ,110,222,0.700263294934
129 ,53,126,1.36346071382 ,109,222,0.684238522023
130 ,53,125,1.29303714722 ,110,222,0.73374721932
131 ,52,127,1.42237303292 ,110,222,0.757878654589
132 ,52,127,1.43414580284 ,111,222,0.759665635681
133 ,52,127,1.45022703476 ,109,221,0.661654915979
134 ,52,127,1.46041362593 ,109,221,0.664713023859
135 ,52,127,1.36761151669 ,109,222,0.644180051854
136 ,52,127,1.40272689356 ,110,222,0.691054083885
137 ,53,126,1.29534397735 ,110,222,0.752741416846
138 ,53,126,1.29270638261 ,110,222,0.7101968858
139 ,53,125,1.30258884078 ,110,222,0.748892083807
140 ,53,124,1.2656316217 ,110,222,0.748644942458
141 ,52,126,1.29497220006 ,109,222,0.662692749856
142 ,52,126,1.28692199672 ,110,222,0.675866342504
143 ,52,127,1.36185109925 ,110,222,0.656173065191
144 ,52,127,1.33014882964 ,109,222,0.678192613716
145 ,53,126,1.29410454218 ,110,222,0.727254166266
146 ,53,125,1.22085962272 ,110,222,0.723510560722
147 ,51,126,1.42515763416 ,109,222,0.661325083478
148 ,47,126,1.63852317232 ,110,222,0.650350862416
149 ,51,131,5.14129566789 ,110,222,0.634469367572
150 ,55,127,5.45213949743 ,111,222,0.679562011149
151 ,54,126,5.32366534408 ,112,223,0.693171829584
152 ,55,124,5.13407860121 ,111,222,0.518453548372
153 ,55,123,5.11465144027 ,113,223,0.439322643429
154 ,53,119,4.9571201854 ,116,225,0.575799662441
155 ,52,119,5.071397776 ,118,227,0.587262174089
156 ,53,116,5.13697468903 ,120,227,0.67677421412
157 ,53,114,5.13729862928 ,121,227,0.619695215108
158 ,53,112,5.14705728376 ,122,227,0.622705119772
159 ,54,111,5.13150242562 ,122,227,0.579753657711
160 ,56,107,5.03334882732 ,121,227,0.678727376463
161 ,58,104,5.03268433534 ,121,226,0.619514652786
162 ,59,102,4.92742054635 ,121,226,0.687786385227
163 ,60,100,4.85669900531 ,121,227,0.781598365154
164 ,63,93,1.83792202013 ,121,227,0.766856703256
165 ,62,90,1.90830209398 ,121,227,0.756493810822
166 ,66,85,1.86026555885 ,121,227,0.779333612963
167 ,69,82,1.73536123977 ,121,227,0.756998479849
168 ,75,71,1.94022567228 ,121,227,0.785837052345
169 ,80,68,2.00768870257 ,122,226,0.717955206688
170 ,93,62,2.24892615649 ,120,224,0.948985496517
171 ,98,58,2.19054447223 ,116,219,0.850564650007
172 ,101,45,1.66362520081 ,107,208,0.751173347597
173 ,99,42,1.55560618857 ,100,203,0.631818989655
174 ,100,38,1.49529357936 ,87,194,0.868124468971
175 ,105,34,1.89253588072 ,80,188,0.930391305786
176 ,112,30,1.99549282294 ,74,183,0.974247177353
177 ,120,25,2.11469548057 ,73,182,1.00333369015
178 ,129,22,2.06911025206 ,63,166,1.18041366261
179 ,134,20,2.09014046953 ,60,156,1.3930313893
180 ,144,21,2.64784658223 ,56,142,1.45839175403
181 ,151,22,2.72528198567 ,54,131,1.55922968555
182 ,163,23,2.81852191859 ,54,113,1.66648908102
183 ,175,25,2.94390633903 ,55,102,1.78823588973
184 ,187,25,2.85724081873 ,57,90,1.8198389233
185 ,196,25,2.82810530377 ,60,80,1.91707291543
186 ,207,23,2.78418445108 ,67,63,1.97743755614
187 ,212,26,2.91985812755 ,73,53,2.20880163992
188 ,217,28,3.08320271353 ,85,39,2.34754161349
189 ,222,31,3.17466818222 ,95,32,2.36997794673
190 ,231,36,3.41044595617 ,111,20,2.52774893603
191 ,231,36,3.44055059545 ,121,16,2.62651859006
192 ,233,39,3.58362679448 ,133,12,2.77776436864
193 ,235,40,3.50187041218 ,142,9,2.76665086425
194 ,234,40,3.4370863555 ,151,7,2.90899416135
195 ,239,40,3.55119814768 ,152,8,2.85724960716
196 ,242,46,3.63020867774 ,164,8,3.17082390919
197 ,243,48,3.41733102653 ,175,9,3.19665310965
198 ,245,53,3.47860570269 ,189,11,3.31682918595
199 ,246,52,3.4850865052 ,193,13,3.38047767074
200 ,248,52,3.67130657968 ,202,15,3.46925494462
201 ,246,51,3.54626224491 ,208,17,3.46798275257
202 ,242,55,3.50402704003 ,211,16,3.96963654815
203 ,246,54,3.65540164902 ,213,18,4.01002232082
204 ,247,53,3.5602861849 ,218,21,3.98678837084
205 ,246,52,3.51978762736 ,214,20,3.70428823189
206 ,247,51,3.69810277394 ,216,20,3.7492988501
207 ,244,53,3.751052808 ,221,22,3.87466129946
208 ,244,53,3.751052808 ,221,22,3.87466129946
209 ,240,56,3.78541610817 ,219,20,3.98447248596
210 ,241,55,3.62063927415 ,219,20,3.99277036328
211 ,243,59,3.4522124447 ,219,20,4.01537633988
212 ,247,61,3.42090658661 ,218,19,4.14006234632
213 ,249,65,3.46190808212 ,218,19,4.12480509644
214 ,260,70,3.37728267638 ,219,20,4.09916418146
215 ,259,72,3.38793066021 ,220,21,4.07756328186
216 ,261,77,3.82375497523 ,223,23,4.00506085171
217 ,264,80,3.6887779817 ,225,24,4.0086779571
218 ,266,85,3.69514879566 ,231,27,3.97151301146
219 ,268,88,3.74423298508 ,234,30,4.00691867289
220 ,266,87,3.97595409889 ,236,33,4.00454899215
221 ,265,86,3.99480395309 ,239,35,4.03360248175
222 ,265,88,4.26239944468 ,241,38,4.06306130446
223 ,264,94,4.12189372873 ,242,40,4.11195747471
224 ,269,98,4.19337457029 ,246,43,4.14137049105
225 ,268,104,4.02794646022 ,253,53,4.21889564301
226 ,267,107,3.99514270718 ,256,59,4.28921374844
227 ,268,116,4.02878748649 ,259,63,4.36173375545
228 ,267,120,4.03641371459 ,262,70,4.40780218125
229 ,267,124,4.23191530495 ,265,77,4.54232910055
230 ,264,130,4.46350485861 ,268,82,4.59323595742
231 ,263,138,4.58018806598 ,270,93,4.64825580028
232 ,260,144,4.5377852151 ,271,96,4.64768428591
233 ,260,155,4.49409872058 ,273,110,4.82374081389
234 ,258,160,4.45359896462 ,274,119,4.83908923543
235 ,256,168,4.59789915249 ,273,128,4.94518767576
236 ,250,171,4.89250545584 ,272,133,4.91575202254
237 ,241,176,5.10807033645 ,269,144,5.01007096847
238 ,241,176,5.02246039334 ,267,149,5.03226458787
239 ,240,180,4.88511987763 ,267,149,5.14288377743
240 ,237,186,4.92372574323 ,266,153,5.1160456051
241 ,233,192,4.82344858189 ,264,162,5.29810971683
242 ,230,196,4.8304442317 ,260,169,5.36646547201
243 ,220,203,5.30543946852 ,252,180,5.40651495401
244 ,213,206,5.33811013009 ,246,188,5.53053310623
245 ,201,210,5.48121482495 ,242,195,5.57215811433
246 ,196,213,5.40370791564 ,237,200,5.67599416602
247 ,192,216,4.90444269259 ,228,207,5.69450233665
248 ,191,217,4.91321110055 ,229,208,5.7454105251
249 ,193,213,4.19025760655 ,234,205,5.86392452256
250 ,192,209,3.76149506263 ,238,202,5.90316127437
251 ,196,210,3.37100001305 ,242,201,5.83340855805
252 ,200,210,3.34471940678 ,243,200,5.89569323804
253 ,200,210,3.23161881687 ,243,201,5.88890843569
254 ,204,207,2.82607464344 ,243,201,5.89046638493
255 ,208,202,2.7888833325 ,245,198,5.8859221
256 ,206,198,2.61900547973 ,247,198,5.79343011587
257 ,215,189,2.52579630632 ,249,196,5.84919124962
258 ,221,181,2.55482769168 ,249,195,5.86923366735
259 ,227,174,2.56391040257 ,249,195,5.97154485958
260 ,233,171,2.6679276158 ,243,195,6.14560986738
261 ,245,163,2.78598714482 ,245,191,3.37495960096
262 ,254,160,2.82958056186 ,245,187,3.90479230404
263 ,260,155,2.80541676918 ,236,186,5.15751298735
264 ,260,151,2.51670227699 ,236,183,5.26866044821
265 ,267,143,2.3242512045 ,240,175,2.32441345759
266 ,269,139,2.27491994031 ,245,167,2.18854350614
267 ,268,132,2.10464048284 ,250,163,2.24558861643
268 ,267,125,1.84285977046 ,252,162,2.22690674112
269 ,269,118,2.00658718585 ,255,156,2.14998632646
270 ,271,116,2.04528537992 ,257,153,2.1429323451
271 ,271,106,1.9003917066 ,260,144,2.02832870036
272 ,269,102,1.80548225463 ,261,140,1.96030101335
273 ,267,94,1.58032097991 ,262,133,1.86963555825
274 ,265,90,1.55666346352 ,262,129,1.76902151536
275 ,264,84,1.67004905328 ,263,121,1.69424080083
276 ,266,80,1.71779993942 ,262,117,1.66923653116
277 ,262,74,1.67906437788 ,260,110,1.65303582317
278 ,260,73,1.48960027358 ,260,109,1.64555213244
279 ,256,67,1.32374659038 ,261,102,1.47435687214
280 ,256,66,1.25868449968 ,260,99,1.43264431261
281 ,256,66,1.25868449968 ,260,99,1.43264431261
282 ,253,69,1.3650309136 ,260,102,1.34705244571
283 ,253,69,1.3650309136 ,260,102,1.34705244571
284 ,253,69,1.3650309136 ,260,102,1.34705244571
285 ,253,69,1.3650309136 ,260,102,1.34705244571
286 ,253,69,1.3650309136 ,260,102,1.34705244571
287 ,256,63,2.0754049329 ,255,93,1.36549483626
288 ,257,64,2.07976918813 ,255,94,1.37066030351
289 ,237,56,1.94204467789 ,255,92,1.36353421706
290 ,234,55,1.81665538053 ,252,86,1.25191101577
291 ,235,51,2.24064305971 ,250,76,1.34012236792
292 ,238,47,2.35969468281 ,251,71,1.44890024791
293 ,243,40,2.44649602433 ,255,65,1.38134810159
294 ,244,39,2.60107588085 ,255,64,1.40159558273
295 ,242,33,2.63682955085 ,258,58,1.21494847036
296 ,241,33,1.69378472617 ,259,59,1.27300591476
297 ,236,30,1.00974604942 ,260,56,1.0772364104
298 ,234,27,0.796828450796 ,259,53,1.03356216642
299 ,227,24,0.621505232543 ,256,48,0.906939509226
300 ,223,21,0.515997581215 ,253,44,0.763521892939
301 ,214,16,0.586407698853 ,243,36,0.782642324301
302 ,211,13,0.556009579223 ,240,33,0.746689116953
303 ,202,13,0.235627571661 ,233,27,0.694501812232
304 ,201,12,0.0912532147516 ,232,25,0.71755599884
305 ,202,13,0.0554303691386 ,231,23,0.687163738164
306 ,205,15,5.85449227177 ,230,24,0.624281045347
307 ,205,15,5.85449227177 ,230,24,0.624281045347
308 ,205,15,5.85449227177 ,230,24,0.624281045347
309 ,205,15,5.85449227177 ,230,24,0.624281045347
310 ,205,15,5.85449227177 ,230,24,0.624281045347
311 ,205,15,5.85449227177 ,230,24,0.624281045347
312 ,205,15,5.85449227177 ,230,24,0.624281045347
313 ,205,15,5.85449227177 ,230,24,0.624281045347
314 ,205,15,5.85449227177 ,230,24,0.624281045347
315 ,219,23,2.75376409405 ,230,52,3.96232031201
316 ,219,24,3.59326597289 ,235,61,3.91312000877
317 ,218,27,4.49790224725 ,248,72,3.7787640644
318 ,219,27,4.471724439 ,255,77,3.69884339904
319 ,223,27,4.20676494425 ,265,85,3.8840108591
320 ,223,26,4.2778175495 ,267,87,3.89730828874
321 ,223,26,4.26274672089 ,266,87,3.83314581386
322 ,222,25,4.35022250795 ,268,90,3.80854299908
323 ,222,24,4.43036821043 ,270,101,3.94550191709
324 ,222,23,4.52272077808 ,268,105,4.1542069275
325 ,221,27,4.58127942939 ,268,115,4.19269652947
326 ,222,31,4.5901275158 ,269,120,4.14253269455
327 ,225,44,4.37383356154 ,270,131,4.38120998513
328 ,228,51,4.27534560338 ,270,140,4.53557212823
329 ,234,63,4.17880441596 ,265,153,4.62276934865
330 ,238,72,4.23313716326 ,263,160,4.73108287529
331 ,246,91,4.37448816654 ,253,166,5.03525105671
332 ,246,91,4.37448816654 ,253,166,5.03525105671
333 ,252,122,4.6075706883 ,239,184,5.08807951747
334 ,255,131,4.76779594283 ,232,188,5.17623617495
335 ,258,149,4.88714105045 ,223,197,5.27093861608
336 ,258,149,4.88714105045 ,223,197,5.27093861608
337 ,253,173,5.22125754568 ,203,210,5.38561186919
338 ,253,173,5.22125754568 ,203,210,5.38561186919
339 ,247,184,5.33412344452 ,187,217,5.56172371602
340 ,247,184,5.33412344452 ,187,217,5.56172371602
341 ,241,195,5.58954928862 ,174,219,5.79838346234
342 ,238,202,5.70423192938 ,164,218,5.89487711233
343 ,235,205,5.94952957211 ,148,220,5.90297232309
344 ,228,208,6.1410308282 ,139,221,5.86344475409
345 ,212,214,6.08365435409 ,129,217,0.14986832508
346 ,206,215,6.0426391433 ,127,213,0.292555303122
347 ,206,217,6.12724537429 ,126,211,0.315743979366
348 ,197,221,6.16813941125 ,129,212,6.16407968848
349 ,187,226,0.00288007556087 ,128,214,5.74947956893
350 ,181,226,0.112246913625 ,130,212,5.43032707626
351 ,171,224,0.137680501509 ,133,210,4.53071825083
352 ,170,226,0.142532647857 ,136,214,4.3229288352
353 ,168,226,0.175107768521 ,137,214,4.3388177869
354 ,168,227,0.120519224603 ,137,214,4.26626369143
355 ,168,227,0.120519224603 ,137,214,4.26626369143
356 ,168,227,0.120519224603 ,137,214,4.26626369143
357 ,168,227,0.120519224603 ,137,214,4.26626369143
358 ,168,227,0.120519224603 ,137,214,4.26626369143
359 ,168,227,0.120519224603 ,137,214,4.26626369143
360 ,168,227,0.120519224603 ,137,214,4.26626369143
361 ,168,227,0.120519224603 ,137,214,4.26626369143
362 ,168,227,0.120519224603 ,137,214,4.26626369143
363 ,168,227,0.120519224603 ,137,214,4.26626369143
364 ,168,227,0.120519224603 ,137,214,4.26626369143
365 ,168,227,0.120519224603 ,137,214,4.26626369143
366 ,168,227,0.120519224603 ,137,214,4.26626369143
367 ,211,217,2.48392855108 ,234,191,5.79954406794
368 ,216,216,2.00016916736 ,242,189,2.82429578499
369 ,221,212,2.67496375398 ,246,187,2.85402238855
370 ,225,211,2.69981497511 ,246,185,2.61774487243
371 ,229,205,2.01066368653 ,252,180,2.53748998035
372 ,233,201,2.03211488319 ,254,174,2.31157169481
373 ,241,195,1.72250604468 ,256,166,2.21944483006
374 ,243,195,1.77199781426 ,259,161,2.19693519332
375 ,250,188,1.71395817975 ,264,150,2.22689682085
376 ,255,182,1.79137608955 ,266,142,2.19393374419
377 ,262,170,1.6921661484 ,270,130,2.24758598725
378 ,266,161,1.62305648562 ,270,124,2.21702608058
379 ,270,151,1.44992130387 ,271,115,2.17979562118
380 ,271,144,1.51818078577 ,271,108,1.9884429029
381 ,274,132,1.4544928862 ,272,98,1.97855375353
382 ,274,126,1.33628688332 ,271,95,1.96511178083
383 ,274,124,1.15051595095 ,267,85,1.73652940209
384 ,275,119,1.18242008818 ,266,80,1.72450008654
385 ,275,119,1.18242008818 ,266,80,1.72450008654
386 ,262,85,2.03050932995 ,238,126,6.25500293758
387 ,262,87,1.96206762125 ,236,135,4.40804452891
388 ,262,86,1.9325508415 ,238,132,3.84451857698
389 ,262,85,1.98108781789 ,233,138,3.90754947471
390 ,263,88,1.90635409151 ,232,141,4.2151112911
391 ,263,85,1.30829013604 ,212,146,4.02996939739
392 ,267,85,0.579270293974 ,214,142,3.31495938055
393 ,268,86,0.146574926918 ,201,131,1.08448340435
394 ,270,89,0.118261263472 ,209,131,1.3833502661
395 ,271,92,5.50013924766 ,232,111,1.0874565574
396 ,271,93,5.48704987748 ,231,105,1.21140859664
397 ,274,93,4.77568117167 ,224,105,1.11854949575
398 ,275,98,4.76897112092 ,217,103,1.17634967879
399 ,277,109,4.62089022218 ,210,103,1.20718109473
400 ,275,115,4.80739269993 ,202,103,1.22505942776
401 ,274,113,5.03275294503 ,182,93,1.77035925446
402 ,277,120,4.76096594165 ,181,91,1.82570440244
403 ,276,131,4.85709233756 ,182,87,2.69365255351
404 ,274,135,4.90291185766 ,190,90,3.42839366454
405 ,274,140,4.85816873734 ,199,93,3.55804606695
406 ,274,140,4.87722005967 ,199,93,3.54502161132
407 ,273,140,5.14056336517 ,199,93,3.52139724192
408 ,271,140,5.27469480506 ,199,93,3.50994857871
409 ,273,146,4.95157876303 ,203,92,3.57733947062
410 ,271,150,4.97699697116 ,204,92,3.56467733806
411 ,270,161,5.05125698776 ,204,92,3.56220978615
412 ,267,164,5.09686651761 ,209,96,3.93063455399
413 ,263,167,5.33031286047 ,213,105,3.92044050597
414 ,261,166,5.64658501126 ,213,106,3.93714545022
415 ,263,175,5.2881877773 ,214,107,3.93765145083
416 ,259,179,5.23216472166 ,221,118,3.96760828467
417 ,255,183,5.27195055071 ,224,124,3.93564768843
418 ,252,189,5.27857496419 ,228,133,4.06190282939
419 ,244,195,5.63371914688 ,232,143,4.08910329149
420 ,237,201,5.60947119831 ,231,147,4.13331442875
421 ,232,208,5.71723348182 ,236,169,4.21810947786
422 ,232,208,5.71723348182 ,236,169,4.21810947786
423 ,229,208,6.15550630714 ,242,182,3.27999087701
424 ,225,212,6.07557711966 ,245,185,3.34024476352
425 ,218,218,5.7274641483 ,246,189,2.0098803177
426 ,208,223,5.77298070055 ,242,193,5.30710980316
427 ,196,227,6.11150649172 ,230,204,5.49323400385
428 ,189,226,5.97588474689 ,224,210,5.53135009747
429 ,188,228,5.9372434779 ,220,213,5.70683763277
430 ,179,230,6.15991104243 ,217,216,5.55838291359
431 ,166,229,6.08845510143 ,206,222,5.75278255447
432 ,161,230,6.15095576379 ,197,224,5.73598220247
433 ,156,229,3.14375407513 ,193,225,5.74258038381
434 ,152,229,3.20369171126 ,190,225,5.95296052254
435 ,148,227,3.37277540939 ,182,224,5.99333284625
436 ,140,228,0.065093782312 ,179,227,6.16984316856
437 ,128,226,0.100658301299 ,168,228,6.01617251523
438 ,118,223,0.45204909133 ,164,228,6.05089374426
439 ,106,214,0.549150208361 ,151,226,6.24443058752
440 ,95,209,0.449375543911 ,141,226,0.0488700712674
441 ,85,200,0.754814687755 ,128,223,0.24326871346
442 ,77,192,0.652814685899 ,118,220,0.430960184448
443 ,72,185,1.04509844763 ,105,213,0.598244517792
444 ,70,184,1.11341332328 ,103,211,0.599809923881
445 ,71,181,1.22727517779 ,100,209,0.40029148765
446 ,69,175,1.06984240995 ,97,206,0.531171341
447 ,62,169,1.14013228586 ,91,201,0.620558079301
448 ,60,162,1.403884836 ,82,196,0.54581566436
449 ,55,149,1.41184715503 ,75,188,0.956777905866
450 ,51,140,1.40073964276 ,69,178,0.792675517392
451 ,50,132,1.69760037854 ,64,170,1.10023387167
452 ,52,124,1.87932959777 ,59,161,1.25137358986
453 ,53,104,1.75964906918 ,54,150,1.41502004515
454 ,55,91,1.79674505559 ,53,139,1.50655768551
455 ,56,82,1.97865685116 ,50,128,1.65110029594
456 ,57,79,2.20128733117 ,50,119,1.6045351365
457 ,64,69,2.21255949338 ,51,103,1.81887713932
458 ,67,64,2.30088383014 ,51,98,1.69776597723
459 ,72,52,2.3292269881 ,55,88,1.89008733713
460 ,77,48,2.33446748991 ,56,81,1.83230995741
461 ,83,35,2.42314236526 ,62,72,1.67087522411
462 ,91,30,2.58655386316 ,67,65,1.9036900649
463 ,99,26,2.55653344635 ,68,62,1.90629360447
464 ,105,19,2.74658421175 ,73,56,1.979228765
465 ,118,12,2.62449085921 ,85,42,2.16650225286
466 ,130,10,2.92278640632 ,93,34,2.16343568944
467 ,107,21,5.57989512993 ,156,7,3.10132392685
468 ,115,19,2.41402956064 ,167,6,3.15361269801
469 ,136,9,2.85130569793 ,182,8,3.25710353745
470 ,144,7,3.01433536511 ,191,9,3.36176523565
471 ,158,7,2.98633901731 ,206,11,3.45289474657
472 ,169,7,3.07372612111 ,212,15,3.47322625044
473 ,183,9,3.04933103289 ,224,22,3.66069974169
474 ,190,10,3.14771938884 ,229,25,3.66711436465
475 ,202,12,3.41450035261 ,237,32,3.890640266
476 ,209,15,3.48627813663 ,245,39,4.17955649265
477 ,222,22,3.55855739388 ,255,54,4.1003221239
478 ,233,30,3.72307736601 ,262,63,4.14575352157
479 ,246,42,3.9503541966 ,267,76,4.35902265746
480 ,253,49,4.04420133025 ,270,85,4.41943273836
481 ,261,61,4.18612970686 ,274,97,4.42544242768
482 ,263,63,4.33649710833 ,273,101,4.38112369871
483 ,265,66,4.37615690328 ,272,106,4.62924935221
484 ,266,68,4.36477188962 ,274,107,4.62273898861
485 ,269,72,4.32154558933 ,277,113,4.53804407436
486 ,271,76,4.31056803932 ,276,119,4.68025208288
487 ,273,87,4.42470526469 ,273,132,4.92157985125
488 ,275,94,4.53093982583 ,275,136,4.92541169065
489 ,277,103,4.55214071864 ,271,145,4.97094904884
490 ,277,111,4.74361409476 ,270,151,5.02901463252
491 ,276,125,4.80174217118 ,265,158,5.2453326218
492 ,276,129,4.86380230508 ,264,162,5.2549670731
493 ,275,136,4.96681076282 ,258,174,5.38172891374
494 ,273,143,5.03921180975 ,258,179,5.35379761365
495 ,274,148,5.08790950792 ,253,185,5.52736188058
496 ,268,159,5.06186409206 ,246,193,5.50991890781
497 ,265,168,5.09373630465 ,243,198,5.86084963676
498 ,265,168,5.09373630465 ,243,198,5.86084963676
499 ,264,172,5.61136936638 ,237,203,5.62642075391
500 ,263,173,5.54805637331 ,229,207,5.63587311157
501 ,263,174,5.51603325936 ,219,217,5.85664969857
502 ,258,179,5.40086232802 ,210,222,5.88195398998
503 ,249,191,5.45698938009 ,197,225,5.83451869675
504 ,241,198,5.52683663864 ,191,226,5.89475327534
505 ,228,210,5.64832978125 ,176,228,6.0901640519
506 ,217,216,5.80596494933 ,168,228,0.0680715958849
507 ,203,221,5.86671817854 ,160,228,0.0233074532282
508 ,195,225,5.82140089733 ,155,229,0.0569224051394
509 ,194,226,6.17570438664 ,152,226,0.0986432204604
510 ,195,226,6.19084805271 ,142,227,6.12492682624
511 ,196,226,6.19122289263 ,135,225,6.26982529326
512 ,196,226,6.19403412548 ,129,224,3.40340522404
513 ,194,227,6.1492589307 ,120,220,0.368391744639
514 ,193,227,6.12327606584 ,115,217,0.480944122841
515 ,198,227,6.26791633939 ,106,215,0.356005116093
516 ,202,227,6.21451050531 ,97,209,0.297618371828
517 ,202,224,5.90158255248 ,88,202,0.846680163241
518 ,201,223,3.15907191193 ,85,200,0.856670213122
519 ,205,220,3.01433243564 ,83,194,0.942734524806
520 ,208,218,1.98378293691 ,82,193,1.19002394572
521 ,210,216,1.72433978089 ,78,191,0.950120003141
522 ,211,214,1.69574447984 ,76,190,0.994880284214
523 ,212,211,1.7346214802 ,76,189,1.06691240011
524 ,214,200,1.64727503954 ,75,189,1.02774795312
525 ,214,184,1.67872505787 ,76,190,1.01966525922
526 ,216,171,1.6553492363 ,75,188,0.926386444138
527 ,217,152,1.61584882738 ,74,189,0.957167260018
528 ,214,141,1.19993569867 ,71,184,0.933677113939
529 ,203,126,1.03753986382 ,66,175,1.25759739733
530 ,193,117,0.827876115416 ,63,165,1.23288006662
531 ,180,106,0.784706274146 ,57,154,1.41812742151
532 ,170,94,0.949582044601 ,55,145,1.31621836661
533 ,156,71,0.981355154302 ,55,141,1.43532771373
534 ,152,61,0.973628258715 ,55,140,1.45078203753
535 ,155,47,1.47072059198 ,54,142,1.55049558244
536 ,163,37,1.74438779126 ,54,141,1.3523276352
537 ,177,22,2.20209753135 ,58,140,1.93975312764
538 ,188,14,2.30174276618 ,59,137,2.05007943606
539 ,194,21,3.35264976788 ,58,135,1.96755073704
540 ,204,26,3.37779506857 ,58,133,1.92849238373
541 ,222,33,3.32416140106 ,58,133,1.91022016918
542 ,231,37,3.34038950632 ,58,134,1.79822502414
543 ,242,45,3.60555686079 ,54,128,1.71149372377
544 ,246,55,4.03053132438 ,55,124,1.65438299985
545 ,246,55,4.03053132438 ,55,124,1.65438299985
546 ,246,55,4.03053132438 ,55,124,1.65438299985
547 ,268,117,4.23045003372 ,59,112,1.48364810855
548 ,268,117,4.23045003372 ,59,112,1.48364810855
549 ,266,144,4.82273401416 ,61,98,1.52910826836
550 ,262,149,5.20743540673 ,61,90,1.48579461639
551 ,258,156,5.32824464957 ,67,85,1.71695674933
552 ,257,162,5.22822247759 ,71,80,1.85136217856
553 ,258,170,4.71424341305 ,74,77,1.8968355543
554 ,254,170,4.87629777369 ,78,70,1.96806322911
555 ,260,174,5.91865341507 ,90,58,1.96728219054
556 ,260,174,6.1684973401 ,95,50,1.99580071765
557 ,257,174,3.19969350751 ,100,47,1.93076472593
558 ,257,175,3.38115624418 ,100,47,1.94988522387
559 ,253,172,3.44002115902 ,100,46,2.00489085211
560 ,243,170,0.415153790746 ,100,44,2.07243024854
561 ,229,162,0.441886069136 ,100,46,1.97750386885
562 ,222,157,0.480493915459 ,100,44,2.09773866785
563 ,218,154,0.449982212008 ,100,44,2.12825496526
564 ,218,154,0.460678798526 ,100,44,2.12901856012
565 ,218,154,0.453485467264 ,100,45,2.02984440521
566 ,218,154,0.447756741443 ,100,44,2.04180416232
567 ,218,154,0.447837302066 ,100,45,2.12853985691
568 ,218,154,0.492934606175 ,101,46,1.93471645752
569 ,218,154,0.477455914445 ,101,47,1.92177389409
570 ,218,154,0.487344764205 ,101,47,1.96009458507
571 ,218,154,0.485205580059 ,102,46,1.92601684234
572 ,218,154,0.474184354204 ,102,46,1.92534352864
573 ,217,154,0.476497442769 ,100,47,2.05624195754
574 ,217,154,0.476017674299 ,102,47,2.06461154047
575 ,218,154,0.465408306306 ,101,47,2.11532728225
576 ,218,154,0.464390579295 ,101,47,1.99671408203
577 ,218,154,0.499101954627 ,102,46,1.99297740071
578 ,217,154,0.512574087634 ,101,48,2.05462198994
579 ,217,154,0.507946445766 ,102,46,2.01173893783
580 ,217,154,0.488417884966 ,102,46,1.98164438527
581 ,217,154,0.492330734398 ,102,47,1.96048447185
582 ,217,154,0.467732713305 ,100,48,2.26983769684
583 ,217,154,0.491585981399 ,100,48,2.12996341638
584 ,217,154,0.460984129945 ,102,47,2.09894504654
585 ,217,154,0.475381578272 ,101,48,2.11116862304
586 ,217,154,0.473419361181 ,101,48,2.10775668092
587 ,217,154,0.473175548783 ,102,47,2.07155956131
588 ,217,154,0.483066262756 ,101,47,2.17101624433
589 ,217,154,0.507373200341 ,101,48,2.13530158963
590 ,217,155,0.526609212895 ,100,47,2.17356036211
591 ,216,154,0.559469424953 ,101,47,2.15461556623
592 ,217,155,0.551045180635 ,101,47,2.15983536196
593 ,217,154,0.492399843428 ,101,47,2.14819794721
594 ,216,154,0.545241753145 ,100,47,2.18745240905
595 ,216,154,0.510617196865 ,101,46,2.10643412184
596 ,216,154,0.521870916683 ,100,47,2.17527430601
597 ,218,155,0.427456529718 ,100,47,2.17839506476
598 ,218,154,0.382581732718 ,100,47,2.20690733344
599 ,216,154,0.540969643283 ,100,47,2.18254546816
600 ,216,154,0.540969643283 ,100,47,2.18254546816
